keyword,url,lang,page_title,page_category,priority,intent,engine,core_status,tracker_policy,reason
firmar pdf,/es/firmar-pdf-online-gratis,es,Firmar PDF online gratis,core,high,transactional,google,mapped-existing-page,backlog,deferred-long-tail-or-copy-guidance
firmar pdf gratis online,/es/firmar-pdf-online-gratis,es,Firmar PDF online gratis,core,high,transactional,google,mapped-existing-page,backlog,deferred-long-tail-or-copy-guidance
firma pdf gratis,/es/firmar-pdf-online-gratis,es,Firmar PDF online gratis,core,high,transactional,google,mapped-existing-page,backlog,deferred-long-tail-or-copy-guidance
firmador de pdf gratis,/es/firmar-pdf-online-gratis,es,Firmar PDF online gratis,core,high,transactional,google,mapped-existing-page,backlog,deferred-long-tail-or-copy-guidance
firmador pdf online,/es/firmar-pdf-online-gratis,es,Firmar PDF online gratis,core,high,transactional,google,mapped-existing-page,backlog,deferred-long-tail-or-copy-guidance
firmar documento online gratis,/es/firmar-pdf-online-gratis,es,Firmar PDF online gratis,core,high,transactional,google,mapped-existing-page,backlog,deferred-long-tail-or-copy-guidance
firmar documento pdf online gratis,/es/firmar-pdf-online-gratis,es,Firmar PDF online gratis,core,high,transactional,google,mapped-existing-page,backlog,deferred-long-tail-or-copy-guidance
firmar archivo pdf online,/es/firmar-pdf-online-gratis,es,Firmar PDF online gratis,core,medium,transactional,google,mapped-existing-page,backlog,deferred-long-tail-or-copy-guidance
firmar pdf en línea gratis,/es/firmar-pdf-online-gratis,es,Firmar PDF online gratis,core,medium,transactional,google,mapped-existing-page,backlog,deferred-long-tail-or-copy-guidance
firma electronica pdf gratis,/es/firmar-pdf-online-gratis,es,Firmar PDF online gratis,core,medium,transactional,google,mapped-existing-page,backlog,deferred-long-tail-or-copy-guidance
firma digital pdf online gratis,/es/firmar-pdf-online-gratis,es,Firmar PDF online gratis,core,medium,transactional,google,mapped-existing-page,backlog,deferred-long-tail-or-copy-guidance
firmar pdf seguro,/es/firmar-pdf-online-gratis,es,Firmar PDF online gratis,core,medium,transactional,google,mapped-existing-page,backlog,deferred-long-tail-or-copy-guidance
sign pdf online free,/es/firmar-pdf-online-gratis,es,Firmar PDF online gratis,core,medium,transactional,google,mapped-existing-page,backlog,deferred-long-tail-or-copy-guidance
firmar pdf sin cuenta,/es/firmar-pdf-sin-registro,es,Firmar PDF sin registro,core,high,transactional,google,mapped-existing-page,backlog,deferred-long-tail-or-copy-guidance
firmar documento sin registro,/es/firmar-pdf-sin-registro,es,Firmar PDF sin registro,core,high,transactional,google,mapped-existing-page,backlog,deferred-long-tail-or-copy-guidance
firmar pdf sin email,/es/firmar-pdf-sin-registro,es,Firmar PDF sin registro,core,medium,transactional,google,mapped-existing-page,backlog,deferred-long-tail-or-copy-guidance
firma digital gratis sin registro,/es/firmar-pdf-sin-registro,es,Firmar PDF sin registro,core,medium,transactional,google,mapped-existing-page,backlog,deferred-long-tail-or-copy-guidance
firma electronica sin cuenta,/es/firmar-pdf-sin-registro,es,Firmar PDF sin registro,core,medium,transactional,google,mapped-existing-page,backlog,deferred-long-tail-or-copy-guidance
firmar online sin registrarse,/es/firmar-pdf-sin-registro,es,Firmar PDF sin registro,core,medium,transactional,google,mapped-existing-page,backlog,deferred-long-tail-or-copy-guidance
firmar pdf sin watermark,/es/firmar-pdf-sin-marca-de-agua,es,Firmar PDF sin marca de agua,core,medium,transactional,google,mapped-existing-page,backlog,deferred-long-tail-or-copy-guidance
firma pdf sin marca de agua gratis,/es/firmar-pdf-sin-marca-de-agua,es,Firmar PDF sin marca de agua,core,high,transactional,google,mapped-existing-page,backlog,deferred-long-tail-or-copy-guidance
firmar documento sin marca de agua,/es/firmar-pdf-sin-marca-de-agua,es,Firmar PDF sin marca de agua,core,medium,transactional,google,mapped-existing-page,backlog,deferred-long-tail-or-copy-guidance
firmar pdf sin logo,/es/firmar-pdf-sin-marca-de-agua,es,Firmar PDF sin marca de agua,core,medium,transactional,google,mapped-existing-page,backlog,deferred-long-tail-or-copy-guidance
firmar pdf gratis sin limites,/es/firmar-pdf-sin-marca-de-agua,es,Firmar PDF sin marca de agua,core,medium,transactional,google,mapped-existing-page,backlog,deferred-long-tail-or-copy-guidance
añadir firma a pdf,/es/anadir-firma-a-pdf,es,Anadir firma a PDF,feature,high,informational,google,mapped-existing-page,backlog,deferred-long-tail-or-copy-guidance
agregar firma a pdf,/es/anadir-firma-a-pdf,es,Anadir firma a PDF,feature,high,informational,google,mapped-existing-page,backlog,deferred-long-tail-or-copy-guidance
insertar firma en pdf,/es/anadir-firma-a-pdf,es,Anadir firma a PDF,feature,high,informational,google,mapped-existing-page,backlog,deferred-long-tail-or-copy-guidance
poner firma en un pdf,/es/anadir-firma-a-pdf,es,Anadir firma a PDF,feature,high,informational,google,mapped-existing-page,backlog,deferred-long-tail-or-copy-guidance
colocar firma en pdf,/es/anadir-firma-a-pdf,es,Anadir firma a PDF,feature,medium,informational,google,mapped-existing-page,backlog,deferred-long-tail-or-copy-guidance
como poner firma en pdf,/es/anadir-firma-a-pdf,es,Anadir firma a PDF,feature,high,informational,google,mapped-existing-page,backlog,deferred-long-tail-or-copy-guidance
como agregar una firma a un pdf,/es/anadir-firma-a-pdf,es,Anadir firma a PDF,feature,medium,informational,google,mapped-existing-page,backlog,deferred-long-tail-or-copy-guidance
añadir firma digital a pdf gratis,/es/anadir-firma-a-pdf,es,Anadir firma a PDF,feature,medium,informational,google,mapped-existing-page,backlog,deferred-long-tail-or-copy-guidance
firmar pdf con imagen de firma,/es/anadir-firma-a-pdf,es,Anadir firma a PDF,feature,medium,informational,google,mapped-existing-page,backlog,deferred-long-tail-or-copy-guidance
subir firma a pdf,/es/anadir-firma-a-pdf,es,Anadir firma a PDF,feature,medium,informational,google,mapped-existing-page,backlog,deferred-long-tail-or-copy-guidance
crear firma digital online gratis,/es/crear-firma-online,es,Crear firma online,feature,high,transactional,google,mapped-existing-page,backlog,deferred-long-tail-or-copy-guidance
hacer firma digital online gratis,/es/crear-firma-online,es,Crear firma online,feature,high,transactional,google,mapped-existing-page,backlog,deferred-long-tail-or-copy-guidance
crear firma electronica online,/es/crear-firma-online,es,Crear firma online,feature,medium,transactional,google,mapped-existing-page,backlog,deferred-long-tail-or-copy-guidance
generador de firma online,/es/crear-firma-online,es,Crear firma online,feature,medium,transactional,google,mapped-existing-page,backlog,deferred-long-tail-or-copy-guidance
crear firma manuscrita online,/es/crear-firma-online,es,Crear firma online,feature,medium,transactional,google,mapped-existing-page,backlog,deferred-long-tail-or-copy-guidance
dibujar firma online,/es/crear-firma-online,es,Crear firma online,feature,medium,transactional,google,mapped-existing-page,backlog,deferred-long-tail-or-copy-guidance
firma online para documentos,/es/crear-firma-online,es,Crear firma online,feature,medium,transactional,google,mapped-existing-page,backlog,deferred-long-tail-or-copy-guidance
crear firma en png,/es/crear-firma-online,es,Crear firma online,feature,low,transactional,google,mapped-existing-page,backlog,low-priority
firmar pdf en iphone,/es/firmar-pdf-desde-celular,es,Firmar PDF desde celular,feature,high,transactional,google,mapped-existing-page,backlog,deferred-long-tail-or-copy-guidance
firmar pdf en android,/es/firmar-pdf-desde-celular,es,Firmar PDF desde celular,feature,high,transactional,google,mapped-existing-page,backlog,deferred-long-tail-or-copy-guidance
firmar documento desde celular,/es/firmar-pdf-desde-celular,es,Firmar PDF desde celular,feature,high,transactional,google,mapped-existing-page,backlog,deferred-long-tail-or-copy-guidance
firmar documento en iphone,/es/firmar-pdf-desde-celular,es,Firmar PDF desde celular,feature,medium,transactional,google,mapped-existing-page,backlog,deferred-long-tail-or-copy-guidance
firmar documento en android,/es/firmar-pdf-desde-celular,es,Firmar PDF desde celular,feature,medium,transactional,google,mapped-existing-page,backlog,deferred-long-tail-or-copy-guidance
firmar pdf con el dedo,/es/firmar-pdf-desde-celular,es,Firmar PDF desde celular,feature,medium,transactional,google,mapped-existing-page,backlog,deferred-long-tail-or-copy-guidance
firmar pdf por whatsapp,/es/firmar-pdf-desde-celular,es,Firmar PDF desde celular,feature,medium,transactional,google,mapped-existing-page,backlog,deferred-long-tail-or-copy-guidance
firmar pdf sin app,/es/firmar-pdf-desde-celular,es,Firmar PDF desde celular,feature,high,transactional,google,mapped-existing-page,backlog,deferred-long-tail-or-copy-guidance
firmar pdf desde movil,/es/firmar-pdf-desde-celular,es,Firmar PDF desde celular,feature,medium,transactional,google,mapped-existing-page,backlog,deferred-long-tail-or-copy-guidance
firmar contrato de alquiler pdf,/es/firmar-contrato-alquiler-pdf,es,Firmar contrato de alquiler PDF,usecase,high,transactional,google,mapped-existing-page,backlog,deferred-long-tail-or-copy-guidance
firmar contrato de arriendo pdf,/es/firmar-contrato-alquiler-pdf,es,Firmar contrato de alquiler PDF,usecase,high,transactional,google,mapped-existing-page,backlog,deferred-long-tail-or-copy-guidance
firmar contrato arrendamiento pdf,/es/firmar-contrato-alquiler-pdf,es,Firmar contrato de alquiler PDF,usecase,high,transactional,google,mapped-existing-page,backlog,deferred-long-tail-or-copy-guidance
firmar contrato alquiler online,/es/firmar-contrato-alquiler-pdf,es,Firmar contrato de alquiler PDF,usecase,medium,transactional,google,mapped-existing-page,backlog,deferred-long-tail-or-copy-guidance
firmar contrato de renta pdf,/es/firmar-contrato-alquiler-pdf,es,Firmar contrato de alquiler PDF,usecase,medium,transactional,google,mapped-existing-page,backlog,deferred-long-tail-or-copy-guidance
firma digital contrato alquiler,/es/firmar-contrato-alquiler-pdf,es,Firmar contrato de alquiler PDF,usecase,medium,transactional,google,mapped-existing-page,backlog,deferred-long-tail-or-copy-guidance
firmar formulario de visa pdf,/es/firmar-pdf-para-visa,es,Firmar PDF para visa,usecase,medium,transactional,google,mapped-existing-page,backlog,deferred-long-tail-or-copy-guidance
firmar carta de invitacion pdf,/es/firmar-pdf-para-visa,es,Firmar PDF para visa,usecase,medium,transactional,google,mapped-existing-page,backlog,deferred-long-tail-or-copy-guidance
firmar declaracion jurada pdf,/es/firmar-pdf-para-visa,es,Firmar PDF para visa,usecase,medium,transactional,google,mapped-existing-page,backlog,deferred-long-tail-or-copy-guidance
firmar documentos consulado pdf,/es/firmar-pdf-para-visa,es,Firmar PDF para visa,usecase,medium,transactional,google,mapped-existing-page,backlog,deferred-long-tail-or-copy-guidance
firmar pdf para tramite migratorio,/es/firmar-pdf-para-visa,es,Firmar PDF para visa,usecase,low,transactional,google,mapped-existing-page,backlog,low-priority
alternativa a smallpdf para firmar pdf,/es/alternativa-smallpdf-firmar-pdf,es,Alternativa a SmallPDF para firmar PDF,competitor,high,commercial,google,mapped-existing-page,backlog,deferred-long-tail-or-copy-guidance
smallpdf firmar pdf gratis alternativa,/es/alternativa-smallpdf-firmar-pdf,es,Alternativa a SmallPDF para firmar PDF,competitor,medium,commercial,google,mapped-existing-page,backlog,deferred-long-tail-or-copy-guidance
smallpdf sin limite gratis,/es/alternativa-smallpdf-firmar-pdf,es,Alternativa a SmallPDF para firmar PDF,competitor,medium,commercial,google,mapped-existing-page,backlog,deferred-long-tail-or-copy-guidance
smallpdf sin registro alternativa,/es/alternativa-smallpdf-firmar-pdf,es,Alternativa a SmallPDF para firmar PDF,competitor,medium,commercial,google,mapped-existing-page,backlog,deferred-long-tail-or-copy-guidance
alternativas a docusign gratis,/es/alternativa-docusign-gratis,es,Alternativa a DocuSign gratis,competitor,high,commercial,google,mapped-existing-page,backlog,deferred-long-tail-or-copy-guidance
docusign gratis alternativa,/es/alternativa-docusign-gratis,es,Alternativa a DocuSign gratis,competitor,high,commercial,google,mapped-existing-page,backlog,deferred-long-tail-or-copy-guidance
app como docusign gratis,/es/alternativa-docusign-gratis,es,Alternativa a DocuSign gratis,competitor,medium,commercial,google,mapped-existing-page,backlog,deferred-long-tail-or-copy-guidance
docusign sin cuenta alternativa,/es/alternativa-docusign-gratis,es,Alternativa a DocuSign gratis,competitor,medium,commercial,google,mapped-existing-page,backlog,deferred-long-tail-or-copy-guidance
assinar pdf,/pt/assinar-pdf-online-gratis,pt,Assinar PDF online gratis,core,high,transactional,google,mapped-existing-page,backlog,deferred-long-tail-or-copy-guidance
assinar pdf grátis,/pt/assinar-pdf-online-gratis,pt,Assinar PDF online gratis,core,high,transactional,google,mapped-existing-page,backlog,deferred-long-tail-or-copy-guidance
assinar pdf gratuito,/pt/assinar-pdf-online-gratis,pt,Assinar PDF online gratis,core,high,transactional,google,mapped-existing-page,backlog,deferred-long-tail-or-copy-guidance
assinador de pdf gratuito,/pt/assinar-pdf-online-gratis,pt,Assinar PDF online gratis,core,high,transactional,google,mapped-existing-page,backlog,deferred-long-tail-or-copy-guidance
assinador de pdf online,/pt/assinar-pdf-online-gratis,pt,Assinar PDF online gratis,core,high,transactional,google,mapped-existing-page,backlog,deferred-long-tail-or-copy-guidance
assinar documento online grátis,/pt/assinar-pdf-online-gratis,pt,Assinar PDF online gratis,core,high,transactional,google,mapped-existing-page,backlog,deferred-long-tail-or-copy-guidance
assinar documento pdf online grátis,/pt/assinar-pdf-online-gratis,pt,Assinar PDF online gratis,core,high,transactional,google,mapped-existing-page,backlog,deferred-long-tail-or-copy-guidance
assinar arquivo pdf online,/pt/assinar-pdf-online-gratis,pt,Assinar PDF online gratis,core,medium,transactional,google,mapped-existing-page,backlog,deferred-long-tail-or-copy-guidance
assinatura digital pdf grátis,/pt/assinar-pdf-online-gratis,pt,Assinar PDF online gratis,core,medium,transactional,google,mapped-existing-page,backlog,deferred-long-tail-or-copy-guidance
assinatura eletrônica pdf grátis,/pt/assinar-pdf-online-gratis,pt,Assinar PDF online gratis,core,medium,transactional,google,mapped-existing-page,backlog,deferred-long-tail-or-copy-guidance
assinar pdf com segurança,/pt/assinar-pdf-online-gratis,pt,Assinar PDF online gratis,core,medium,transactional,google,mapped-existing-page,backlog,deferred-long-tail-or-copy-guidance
assinar pdf sem enviar para servidor,/pt/assinar-pdf-online-gratis,pt,Assinar PDF online gratis,core,medium,transactional,google,mapped-existing-page,backlog,deferred-long-tail-or-copy-guidance
assinar pdf sem conta,/pt/assinar-pdf-sem-cadastro,pt,Assinar PDF sem cadastro,core,high,transactional,google,mapped-existing-page,backlog,deferred-long-tail-or-copy-guidance
assinar documento sem cadastro,/pt/assinar-pdf-sem-cadastro,pt,Assinar PDF sem cadastro,core,high,transactional,google,mapped-existing-page,backlog,deferred-long-tail-or-copy-guidance
assinar pdf sem email,/pt/assinar-pdf-sem-cadastro,pt,Assinar PDF sem cadastro,core,medium,transactional,google,mapped-existing-page,backlog,deferred-long-tail-or-copy-guidance
assinatura digital grátis sem cadastro,/pt/assinar-pdf-sem-cadastro,pt,Assinar PDF sem cadastro,core,medium,transactional,google,mapped-existing-page,backlog,deferred-long-tail-or-copy-guidance
assinatura eletrônica sem conta,/pt/assinar-pdf-sem-cadastro,pt,Assinar PDF sem cadastro,core,medium,transactional,google,mapped-existing-page,backlog,deferred-long-tail-or-copy-guidance
assinar online sem se cadastrar,/pt/assinar-pdf-sem-cadastro,pt,Assinar PDF sem cadastro,core,medium,transactional,google,mapped-existing-page,backlog,deferred-long-tail-or-copy-guidance
assinar pdf sem marca d água,/pt/assinar-pdf-sem-marca-dagua,pt,Assinar PDF sem marca d'agua,core,high,transactional,google,mapped-existing-page,backlog,deferred-long-tail-or-copy-guidance
assinar pdf sem marca d’água,/pt/assinar-pdf-sem-marca-dagua,pt,Assinar PDF sem marca d'agua,core,high,transactional,google,mapped-existing-page,backlog,deferred-long-tail-or-copy-guidance
assinar pdf grátis sem marca d água,/pt/assinar-pdf-sem-marca-dagua,pt,Assinar PDF sem marca d'agua,core,high,transactional,google,mapped-existing-page,backlog,deferred-long-tail-or-copy-guidance
assinar documento sem marca d água,/pt/assinar-pdf-sem-marca-dagua,pt,Assinar PDF sem marca d'agua,core,medium,transactional,google,mapped-existing-page,backlog,deferred-long-tail-or-copy-guidance
assinar pdf sem logo,/pt/assinar-pdf-sem-marca-dagua,pt,Assinar PDF sem marca d'agua,core,medium,transactional,google,mapped-existing-page,backlog,deferred-long-tail-or-copy-guidance
assinar pdf grátis sem limite,/pt/assinar-pdf-sem-marca-dagua,pt,Assinar PDF sem marca d'agua,core,medium,transactional,google,mapped-existing-page,backlog,deferred-long-tail-or-copy-guidance
inserir assinatura em pdf,/pt/adicionar-assinatura-no-pdf,pt,Adicionar assinatura no PDF,feature,high,informational,google,mapped-existing-page,backlog,deferred-long-tail-or-copy-guidance
adicionar assinatura em pdf,/pt/adicionar-assinatura-no-pdf,pt,Adicionar assinatura no PDF,feature,high,informational,google,mapped-existing-page,backlog,deferred-long-tail-or-copy-guidance
colocar assinatura no pdf,/pt/adicionar-assinatura-no-pdf,pt,Adicionar assinatura no PDF,feature,high,informational,google,mapped-existing-page,backlog,deferred-long-tail-or-copy-guidance
como colocar assinatura em pdf,/pt/adicionar-assinatura-no-pdf,pt,Adicionar assinatura no PDF,feature,high,informational,google,mapped-existing-page,backlog,deferred-long-tail-or-copy-guidance
como adicionar assinatura no pdf,/pt/adicionar-assinatura-no-pdf,pt,Adicionar assinatura no PDF,feature,medium,informational,google,mapped-existing-page,backlog,deferred-long-tail-or-copy-guidance
adicionar assinatura digital no pdf grátis,/pt/adicionar-assinatura-no-pdf,pt,Adicionar assinatura no PDF,feature,medium,informational,google,mapped-existing-page,backlog,deferred-long-tail-or-copy-guidance
assinar pdf com imagem da assinatura,/pt/adicionar-assinatura-no-pdf,pt,Adicionar assinatura no PDF,feature,medium,informational,google,mapped-existing-page,backlog,deferred-long-tail-or-copy-guidance
enviar assinatura para pdf,/pt/adicionar-assinatura-no-pdf,pt,Adicionar assinatura no PDF,feature,medium,informational,google,mapped-existing-page,backlog,deferred-long-tail-or-copy-guidance
criar assinatura digital online grátis,/pt/criar-assinatura-online,pt,Criar assinatura online,feature,high,transactional,google,mapped-existing-page,backlog,deferred-long-tail-or-copy-guidance
fazer assinatura digital online grátis,/pt/criar-assinatura-online,pt,Criar assinatura online,feature,high,transactional,google,mapped-existing-page,backlog,deferred-long-tail-or-copy-guidance
criar assinatura eletrônica online,/pt/criar-assinatura-online,pt,Criar assinatura online,feature,medium,transactional,google,mapped-existing-page,backlog,deferred-long-tail-or-copy-guidance
gerador de assinatura online,/pt/criar-assinatura-online,pt,Criar assinatura online,feature,medium,transactional,google,mapped-existing-page,backlog,deferred-long-tail-or-copy-guidance
criar assinatura manuscrita online,/pt/criar-assinatura-online,pt,Criar assinatura online,feature,medium,transactional,google,mapped-existing-page,backlog,deferred-long-tail-or-copy-guidance
desenhar assinatura online,/pt/criar-assinatura-online,pt,Criar assinatura online,feature,medium,transactional,google,mapped-existing-page,backlog,deferred-long-tail-or-copy-guidance
assinatura online para documentos,/pt/criar-assinatura-online,pt,Criar assinatura online,feature,medium,transactional,google,mapped-existing-page,backlog,deferred-long-tail-or-copy-guidance
criar assinatura png,/pt/criar-assinatura-online,pt,Criar assinatura online,feature,low,transactional,google,mapped-existing-page,backlog,low-priority
assinar pdf no iphone,/pt/assinar-pdf-no-celular,pt,Assinar PDF no celular,feature,high,transactional,google,mapped-existing-page,backlog,deferred-long-tail-or-copy-guidance
assinar pdf no android,/pt/assinar-pdf-no-celular,pt,Assinar PDF no celular,feature,high,transactional,google,mapped-existing-page,backlog,deferred-long-tail-or-copy-guidance
assinar documento pelo celular,/pt/assinar-pdf-no-celular,pt,Assinar PDF no celular,feature,high,transactional,google,mapped-existing-page,backlog,deferred-long-tail-or-copy-guidance
assinar documento no iphone,/pt/assinar-pdf-no-celular,pt,Assinar PDF no celular,feature,medium,transactional,google,mapped-existing-page,backlog,deferred-long-tail-or-copy-guidance
assinar documento no android,/pt/assinar-pdf-no-celular,pt,Assinar PDF no celular,feature,medium,transactional,google,mapped-existing-page,backlog,deferred-long-tail-or-copy-guidance
assinar pdf com o dedo,/pt/assinar-pdf-no-celular,pt,Assinar PDF no celular,feature,medium,transactional,google,mapped-existing-page,backlog,deferred-long-tail-or-copy-guidance
assinar pdf pelo whatsapp,/pt/assinar-pdf-no-celular,pt,Assinar PDF no celular,feature,medium,transactional,google,mapped-existing-page,backlog,deferred-long-tail-or-copy-guidance
assinar pdf sem app,/pt/assinar-pdf-no-celular,pt,Assinar PDF no celular,feature,high,transactional,google,mapped-existing-page,backlog,deferred-long-tail-or-copy-guidance
assinar contrato de aluguel pdf,/pt/assinar-contrato-pdf-online,pt,Assinar contrato PDF online,usecase,high,transactional,google,mapped-existing-page,backlog,deferred-long-tail-or-copy-guidance
assinar contrato pdf grátis,/pt/assinar-contrato-pdf-online,pt,Assinar contrato PDF online,usecase,high,transactional,google,mapped-existing-page,backlog,deferred-long-tail-or-copy-guidance
assinar contrato online grátis,/pt/assinar-contrato-pdf-online,pt,Assinar contrato PDF online,usecase,medium,transactional,google,mapped-existing-page,backlog,deferred-long-tail-or-copy-guidance
assinatura digital contrato aluguel,/pt/assinar-contrato-pdf-online,pt,Assinar contrato PDF online,usecase,medium,transactional,google,mapped-existing-page,backlog,deferred-long-tail-or-copy-guidance
assinar contrato de prestação de serviços pdf,/pt/assinar-contrato-pdf-online,pt,Assinar contrato PDF online,usecase,medium,transactional,google,mapped-existing-page,backlog,deferred-long-tail-or-copy-guidance
assinar formulário de visto pdf,/pt/assinar-pdf-para-visto,pt,Assinar PDF para visto,usecase,medium,transactional,google,mapped-existing-page,backlog,deferred-long-tail-or-copy-guidance
assinar carta convite pdf,/pt/assinar-pdf-para-visto,pt,Assinar PDF para visto,usecase,medium,transactional,google,mapped-existing-page,backlog,deferred-long-tail-or-copy-guidance
assinar declaração jurada pdf,/pt/assinar-pdf-para-visto,pt,Assinar PDF para visto,usecase,medium,transactional,google,mapped-existing-page,backlog,deferred-long-tail-or-copy-guidance
assinar documentos consulado pdf,/pt/assinar-pdf-para-visto,pt,Assinar PDF para visto,usecase,medium,transactional,google,mapped-existing-page,backlog,deferred-long-tail-or-copy-guidance
assinar pdf para imigração,/pt/assinar-pdf-para-visto,pt,Assinar PDF para visto,usecase,low,transactional,google,mapped-existing-page,backlog,low-priority
alternativa ao smallpdf para assinar pdf,/pt/alternativa-smallpdf-assinar-pdf,pt,Alternativa ao SmallPDF,competitor,high,commercial,google,mapped-existing-page,backlog,deferred-long-tail-or-copy-guidance
smallpdf assinar pdf grátis alternativa,/pt/alternativa-smallpdf-assinar-pdf,pt,Alternativa ao SmallPDF,competitor,medium,commercial,google,mapped-existing-page,backlog,deferred-long-tail-or-copy-guidance
smallpdf sem limite grátis,/pt/alternativa-smallpdf-assinar-pdf,pt,Alternativa ao SmallPDF,competitor,medium,commercial,google,mapped-existing-page,backlog,deferred-long-tail-or-copy-guidance
smallpdf sem cadastro alternativa,/pt/alternativa-smallpdf-assinar-pdf,pt,Alternativa ao SmallPDF,competitor,medium,commercial,google,mapped-existing-page,backlog,deferred-long-tail-or-copy-guidance
alternativas ao docusign grátis,/pt/alternativa-docusign-gratis,pt,Alternativa ao DocuSign gratis,competitor,high,commercial,google,mapped-existing-page,backlog,deferred-long-tail-or-copy-guidance
docusign grátis alternativa,/pt/alternativa-docusign-gratis,pt,Alternativa ao DocuSign gratis,competitor,high,commercial,google,mapped-existing-page,backlog,deferred-long-tail-or-copy-guidance
aplicativo como docusign grátis,/pt/alternativa-docusign-gratis,pt,Alternativa ao DocuSign gratis,competitor,medium,commercial,google,mapped-existing-page,backlog,deferred-long-tail-or-copy-guidance
docusign sem conta alternativa,/pt/alternativa-docusign-gratis,pt,Alternativa ao DocuSign gratis,competitor,medium,commercial,google,mapped-existing-page,backlog,deferred-long-tail-or-copy-guidance
firmar contrato sin imprimir,/es/firmar-pdf-sin-imprimir,es,Firmar PDF sin imprimir,feature,medium,transactional,google,new-candidate,backlog,deferred-long-tail-or-copy-guidance
assinar contrato sem imprimir,/pt/assinar-pdf-sem-imprimir,pt,Assinar PDF sem imprimir,feature,medium,transactional,google,new-candidate,backlog,deferred-long-tail-or-copy-guidance
firmar pdf privado,/es/firmar-pdf-privado-sin-subir-archivos,es,Firmar PDF privado sin subir archivos,privacy,medium,transactional,google,new-candidate,backlog,deferred-long-tail-or-copy-guidance
firmar pdf en el navegador,/es/firmar-pdf-privado-sin-subir-archivos,es,Firmar PDF privado sin subir archivos,privacy,medium,transactional,google,new-candidate,backlog,deferred-long-tail-or-copy-guidance
firmar pdf localmente,/es/firmar-pdf-privado-sin-subir-archivos,es,Firmar PDF privado sin subir archivos,privacy,medium,transactional,google,new-candidate,backlog,deferred-long-tail-or-copy-guidance
firmar documento sin subirlo a internet,/es/firmar-pdf-privado-sin-subir-archivos,es,Firmar PDF privado sin subir archivos,privacy,medium,transactional,google,new-candidate,backlog,deferred-long-tail-or-copy-guidance
assinar pdf privado,/pt/assinar-pdf-privado-sem-upload,pt,Assinar PDF privado sem upload,privacy,medium,transactional,google,new-candidate,backlog,deferred-long-tail-or-copy-guidance
assinar pdf no navegador,/pt/assinar-pdf-privado-sem-upload,pt,Assinar PDF privado sem upload,privacy,medium,transactional,google,new-candidate,backlog,deferred-long-tail-or-copy-guidance
assinar pdf localmente,/pt/assinar-pdf-privado-sem-upload,pt,Assinar PDF privado sem upload,privacy,medium,transactional,google,new-candidate,backlog,deferred-long-tail-or-copy-guidance
assinar documento sem enviar para internet,/pt/assinar-pdf-privado-sem-upload,pt,Assinar PDF privado sem upload,privacy,medium,transactional,google,new-candidate,backlog,deferred-long-tail-or-copy-guidance
firmar contrato de trabajo online,/es/firmar-contrato-trabajo-pdf,es,Firmar contrato de trabajo PDF,usecase,medium,transactional,google,new-candidate,backlog,deferred-long-tail-or-copy-guidance
firma digital contrato laboral,/es/firmar-contrato-trabajo-pdf,es,Firmar contrato de trabajo PDF,usecase,medium,transactional,google,new-candidate,backlog,deferred-long-tail-or-copy-guidance
assinar contrato trabalhista pdf,/pt/assinar-contrato-trabalho-pdf,pt,Assinar contrato de trabalho PDF,usecase,medium,transactional,google,new-candidate,backlog,deferred-long-tail-or-copy-guidance
assinar contrato de trabalho online,/pt/assinar-contrato-trabalho-pdf,pt,Assinar contrato de trabalho PDF,usecase,medium,transactional,google,new-candidate,backlog,deferred-long-tail-or-copy-guidance
assinatura digital contrato de trabalho,/pt/assinar-contrato-trabalho-pdf,pt,Assinar contrato de trabalho PDF,usecase,medium,transactional,google,new-candidate,backlog,deferred-long-tail-or-copy-guidance
firmar autorizacion online,/es/firmar-autorizacion-pdf,es,Firmar autorización PDF,usecase,medium,transactional,google,new-candidate,backlog,deferred-long-tail-or-copy-guidance
firmar carta de autorización pdf,/es/firmar-autorizacion-pdf,es,Firmar autorización PDF,usecase,medium,transactional,google,new-candidate,backlog,deferred-long-tail-or-copy-guidance
firmar consentimiento pdf,/es/firmar-autorizacion-pdf,es,Firmar autorización PDF,usecase,medium,transactional,google,new-candidate,backlog,deferred-long-tail-or-copy-guidance
assinar autorização online,/pt/assinar-autorizacao-pdf,pt,Assinar autorização PDF,usecase,medium,transactional,google,new-candidate,backlog,deferred-long-tail-or-copy-guidance
assinar carta de autorização pdf,/pt/assinar-autorizacao-pdf,pt,Assinar autorização PDF,usecase,medium,transactional,google,new-candidate,backlog,deferred-long-tail-or-copy-guidance
assinar consentimento pdf,/pt/assinar-autorizacao-pdf,pt,Assinar autorização PDF,usecase,medium,transactional,google,new-candidate,backlog,deferred-long-tail-or-copy-guidance
alternativa ilovepdf gratis,/es/alternativa-ilovepdf-firmar-pdf,es,Alternativa a iLovePDF para firmar PDF,competitor,medium,commercial,google,new-candidate,backlog,deferred-long-tail-or-copy-guidance
ilovepdf firmar pdf alternativa,/es/alternativa-ilovepdf-firmar-pdf,es,Alternativa a iLovePDF para firmar PDF,competitor,medium,commercial,google,new-candidate,backlog,deferred-long-tail-or-copy-guidance
ilovepdf sin registro alternativa,/es/alternativa-ilovepdf-firmar-pdf,es,Alternativa a iLovePDF para firmar PDF,competitor,medium,commercial,google,new-candidate,backlog,deferred-long-tail-or-copy-guidance
alternativa ilovepdf grátis,/pt/alternativa-ilovepdf-assinar-pdf,pt,Alternativa ao iLovePDF para assinar PDF,competitor,medium,commercial,google,new-candidate,backlog,deferred-long-tail-or-copy-guidance
ilovepdf assinar pdf alternativa,/pt/alternativa-ilovepdf-assinar-pdf,pt,Alternativa ao iLovePDF para assinar PDF,competitor,medium,commercial,google,new-candidate,backlog,deferred-long-tail-or-copy-guidance
ilovepdf sem cadastro alternativa,/pt/alternativa-ilovepdf-assinar-pdf,pt,Alternativa ao iLovePDF para assinar PDF,competitor,medium,commercial,google,new-candidate,backlog,deferred-long-tail-or-copy-guidance
adobe firmar pdf gratis alternativa,/es/alternativa-adobe-acrobat-firmar-pdf,es,Alternativa a Adobe Acrobat para firmar PDF,competitor,medium,commercial,google,new-candidate,backlog,deferred-long-tail-or-copy-guidance
alternativa adobe sign gratis,/es/alternativa-adobe-acrobat-firmar-pdf,es,Alternativa a Adobe Acrobat para firmar PDF,competitor,medium,commercial,google,new-candidate,backlog,deferred-long-tail-or-copy-guidance
acrobat sign alternativa gratis,/es/alternativa-adobe-acrobat-firmar-pdf,es,Alternativa a Adobe Acrobat para firmar PDF,competitor,medium,commercial,google,new-candidate,backlog,deferred-long-tail-or-copy-guidance
adobe assinar pdf grátis alternativa,/pt/alternativa-adobe-acrobat-assinar-pdf,pt,Alternativa ao Adobe Acrobat para assinar PDF,competitor,medium,commercial,google,new-candidate,backlog,deferred-long-tail-or-copy-guidance
alternativa adobe sign grátis,/pt/alternativa-adobe-acrobat-assinar-pdf,pt,Alternativa ao Adobe Acrobat para assinar PDF,competitor,medium,commercial,google,new-candidate,backlog,deferred-long-tail-or-copy-guidance
acrobat sign alternativa grátis,/pt/alternativa-adobe-acrobat-assinar-pdf,pt,Alternativa ao Adobe Acrobat para assinar PDF,competitor,medium,commercial,google,new-candidate,backlog,deferred-long-tail-or-copy-guidance
alternativa a pdf24 para firmar pdf,/es/alternativa-pdf24-firmar-pdf,es,Alternativa a PDF24 para firmar PDF,competitor,medium,commercial,google,new-candidate,backlog,deferred-long-tail-or-copy-guidance
pdf24 firmar pdf alternativa,/es/alternativa-pdf24-firmar-pdf,es,Alternativa a PDF24 para firmar PDF,competitor,medium,commercial,google,new-candidate,backlog,deferred-long-tail-or-copy-guidance
pdf24 sin registro alternativa,/es/alternativa-pdf24-firmar-pdf,es,Alternativa a PDF24 para firmar PDF,competitor,low,commercial,google,new-candidate,backlog,low-priority
alternativa ao pdf24 para assinar pdf,/pt/alternativa-pdf24-assinar-pdf,pt,Alternativa ao PDF24 para assinar PDF,competitor,medium,commercial,google,new-candidate,backlog,deferred-long-tail-or-copy-guidance
pdf24 assinar pdf alternativa,/pt/alternativa-pdf24-assinar-pdf,pt,Alternativa ao PDF24 para assinar PDF,competitor,medium,commercial,google,new-candidate,backlog,deferred-long-tail-or-copy-guidance
pdf24 sem cadastro alternativa,/pt/alternativa-pdf24-assinar-pdf,pt,Alternativa ao PDF24 para assinar PDF,competitor,low,commercial,google,new-candidate,backlog,low-priority
firma electrónica simple,/es/firma-electronica-simple,es,Firma electrónica simple: qué es y cuándo sirve,legal-info,high,informational,google,new-candidate,backlog,deferred-long-tail-or-copy-guidance
que es firma electronica simple,/es/firma-electronica-simple,es,Firma electrónica simple: qué es y cuándo sirve,legal-info,high,informational,google,new-candidate,backlog,deferred-long-tail-or-copy-guidance
firma electrónica simple validez legal,/es/firma-electronica-simple,es,Firma electrónica simple: qué es y cuándo sirve,legal-info,medium,informational,google,new-candidate,backlog,deferred-long-tail-or-copy-guidance
firma digital simple pdf,/es/firma-electronica-simple,es,Firma electrónica simple: qué es y cuándo sirve,legal-info,medium,informational,google,new-candidate,backlog,deferred-long-tail-or-copy-guidance
assinatura eletrônica simples,/pt/assinatura-eletronica-simples,pt,Assinatura eletrônica simples: o que é e quando serve,legal-info,high,informational,google,new-candidate,backlog,deferred-long-tail-or-copy-guidance
o que é assinatura eletrônica simples,/pt/assinatura-eletronica-simples,pt,Assinatura eletrônica simples: o que é e quando serve,legal-info,high,informational,google,new-candidate,backlog,deferred-long-tail-or-copy-guidance
assinatura eletrônica simples validade jurídica,/pt/assinatura-eletronica-simples,pt,Assinatura eletrônica simples: o que é e quando serve,legal-info,medium,informational,google,new-candidate,backlog,deferred-long-tail-or-copy-guidance
assinatura digital simples pdf,/pt/assinatura-eletronica-simples,pt,Assinatura eletrônica simples: o que é e quando serve,legal-info,medium,informational,google,new-candidate,backlog,deferred-long-tail-or-copy-guidance
