url,page_status,category,page_title,keyword,priority,intent,tracked,source,rationale
/es/firmar-pdf-online-gratis,existing-page-expanded,core,Firmar PDF online gratis,firmar pdf online gratis,high,transactional,True,existing,
/es/firmar-pdf-online-gratis,existing-page-expanded,core,Firmar PDF online gratis,firmar pdf online,high,transactional,True,existing,
/es/firmar-pdf-online-gratis,existing-page-expanded,core,Firmar PDF online gratis,firmar pdf gratis,high,transactional,True,existing,
/es/firmar-pdf-online-gratis,existing-page-expanded,core,Firmar PDF online gratis,firma pdf online,medium,transactional,True,existing,
/es/firmar-pdf-online-gratis,existing-page-expanded,core,Firmar PDF online gratis,firmar documentos pdf online,medium,transactional,True,existing,
/es/firmar-pdf-online-gratis,existing-page-expanded,core,Firmar PDF online gratis,firmar pdf,high,transactional,False,expansion,
/es/firmar-pdf-online-gratis,existing-page-expanded,core,Firmar PDF online gratis,firmar pdf gratis online,high,transactional,False,expansion,
/es/firmar-pdf-online-gratis,existing-page-expanded,core,Firmar PDF online gratis,firma pdf gratis,high,transactional,False,expansion,
/es/firmar-pdf-online-gratis,existing-page-expanded,core,Firmar PDF online gratis,firmador de pdf gratis,high,transactional,False,expansion,
/es/firmar-pdf-online-gratis,existing-page-expanded,core,Firmar PDF online gratis,firmador pdf online,high,transactional,False,expansion,
/es/firmar-pdf-online-gratis,existing-page-expanded,core,Firmar PDF online gratis,firmar documento online gratis,high,transactional,False,expansion,
/es/firmar-pdf-online-gratis,existing-page-expanded,core,Firmar PDF online gratis,firmar documento pdf online gratis,high,transactional,False,expansion,
/es/firmar-pdf-online-gratis,existing-page-expanded,core,Firmar PDF online gratis,firmar archivo pdf online,medium,transactional,False,expansion,
/es/firmar-pdf-online-gratis,existing-page-expanded,core,Firmar PDF online gratis,firmar pdf en línea gratis,medium,transactional,False,expansion,
/es/firmar-pdf-online-gratis,existing-page-expanded,core,Firmar PDF online gratis,firma electronica pdf gratis,medium,transactional,False,expansion,
/es/firmar-pdf-online-gratis,existing-page-expanded,core,Firmar PDF online gratis,firma digital pdf online gratis,medium,transactional,False,expansion,
/es/firmar-pdf-online-gratis,existing-page-expanded,core,Firmar PDF online gratis,firmar pdf seguro,medium,transactional,False,expansion,
/es/firmar-pdf-online-gratis,existing-page-expanded,core,Firmar PDF online gratis,sign pdf online free,medium,transactional,False,expansion,
/es/firmar-pdf-sin-registro,existing-page-expanded,core,Firmar PDF sin registro,firmar pdf sin registro,high,transactional,True,existing,
/es/firmar-pdf-sin-registro,existing-page-expanded,core,Firmar PDF sin registro,firmar pdf sin crear cuenta,medium,transactional,True,existing,
/es/firmar-pdf-sin-registro,existing-page-expanded,core,Firmar PDF sin registro,firma digital sin registro,medium,transactional,True,existing,
/es/firmar-pdf-sin-registro,existing-page-expanded,core,Firmar PDF sin registro,firmar pdf sin cuenta,high,transactional,False,expansion,
/es/firmar-pdf-sin-registro,existing-page-expanded,core,Firmar PDF sin registro,firmar documento sin registro,high,transactional,False,expansion,
/es/firmar-pdf-sin-registro,existing-page-expanded,core,Firmar PDF sin registro,firmar pdf sin email,medium,transactional,False,expansion,
/es/firmar-pdf-sin-registro,existing-page-expanded,core,Firmar PDF sin registro,firma digital gratis sin registro,medium,transactional,False,expansion,
/es/firmar-pdf-sin-registro,existing-page-expanded,core,Firmar PDF sin registro,firma electronica sin cuenta,medium,transactional,False,expansion,
/es/firmar-pdf-sin-registro,existing-page-expanded,core,Firmar PDF sin registro,firmar online sin registrarse,medium,transactional,False,expansion,
/es/firmar-pdf-sin-marca-de-agua,existing-page-expanded,core,Firmar PDF sin marca de agua,firmar pdf sin marca de agua,high,transactional,True,existing,
/es/firmar-pdf-sin-marca-de-agua,existing-page-expanded,core,Firmar PDF sin marca de agua,firmar pdf gratis sin marca de agua,high,transactional,True,existing,
/es/firmar-pdf-sin-marca-de-agua,existing-page-expanded,core,Firmar PDF sin marca de agua,firma pdf sin watermark,medium,transactional,True,existing,
/es/firmar-pdf-sin-marca-de-agua,existing-page-expanded,core,Firmar PDF sin marca de agua,firmar pdf sin watermark,medium,transactional,False,expansion,
/es/firmar-pdf-sin-marca-de-agua,existing-page-expanded,core,Firmar PDF sin marca de agua,firma pdf sin marca de agua gratis,high,transactional,False,expansion,
/es/firmar-pdf-sin-marca-de-agua,existing-page-expanded,core,Firmar PDF sin marca de agua,firmar documento sin marca de agua,medium,transactional,False,expansion,
/es/firmar-pdf-sin-marca-de-agua,existing-page-expanded,core,Firmar PDF sin marca de agua,firmar pdf sin logo,medium,transactional,False,expansion,
/es/firmar-pdf-sin-marca-de-agua,existing-page-expanded,core,Firmar PDF sin marca de agua,firmar pdf gratis sin limites,medium,transactional,False,expansion,
/es/anadir-firma-a-pdf,existing-page-expanded,feature,Anadir firma a PDF,anadir firma a pdf,high,informational,True,existing,
/es/anadir-firma-a-pdf,existing-page-expanded,feature,Anadir firma a PDF,como firmar un pdf,high,informational,True,existing,
/es/anadir-firma-a-pdf,existing-page-expanded,feature,Anadir firma a PDF,poner firma en pdf,medium,informational,True,existing,
/es/anadir-firma-a-pdf,existing-page-expanded,feature,Anadir firma a PDF,agregar firma a documento pdf,medium,informational,True,existing,
/es/anadir-firma-a-pdf,existing-page-expanded,feature,Anadir firma a PDF,añadir firma a pdf,high,informational,False,expansion,
/es/anadir-firma-a-pdf,existing-page-expanded,feature,Anadir firma a PDF,agregar firma a pdf,high,informational,False,expansion,
/es/anadir-firma-a-pdf,existing-page-expanded,feature,Anadir firma a PDF,insertar firma en pdf,high,informational,False,expansion,
/es/anadir-firma-a-pdf,existing-page-expanded,feature,Anadir firma a PDF,poner firma en un pdf,high,informational,False,expansion,
/es/anadir-firma-a-pdf,existing-page-expanded,feature,Anadir firma a PDF,colocar firma en pdf,medium,informational,False,expansion,
/es/anadir-firma-a-pdf,existing-page-expanded,feature,Anadir firma a PDF,como poner firma en pdf,high,informational,False,expansion,
/es/anadir-firma-a-pdf,existing-page-expanded,feature,Anadir firma a PDF,como agregar una firma a un pdf,medium,informational,False,expansion,
/es/anadir-firma-a-pdf,existing-page-expanded,feature,Anadir firma a PDF,añadir firma digital a pdf gratis,medium,informational,False,expansion,
/es/anadir-firma-a-pdf,existing-page-expanded,feature,Anadir firma a PDF,firmar pdf con imagen de firma,medium,informational,False,expansion,
/es/anadir-firma-a-pdf,existing-page-expanded,feature,Anadir firma a PDF,subir firma a pdf,medium,informational,False,expansion,
/es/crear-firma-online,existing-page-expanded,feature,Crear firma online,crear firma online,high,transactional,True,existing,
/es/crear-firma-online,existing-page-expanded,feature,Crear firma online,crear firma digital gratis,high,transactional,True,existing,
/es/crear-firma-online,existing-page-expanded,feature,Crear firma online,hacer firma electronica,medium,transactional,True,existing,
/es/crear-firma-online,existing-page-expanded,feature,Crear firma online,crear firma para documentos,medium,transactional,True,existing,
/es/crear-firma-online,existing-page-expanded,feature,Crear firma online,crear firma digital online gratis,high,transactional,False,expansion,
/es/crear-firma-online,existing-page-expanded,feature,Crear firma online,hacer firma digital online gratis,high,transactional,False,expansion,
/es/crear-firma-online,existing-page-expanded,feature,Crear firma online,crear firma electronica online,medium,transactional,False,expansion,
/es/crear-firma-online,existing-page-expanded,feature,Crear firma online,generador de firma online,medium,transactional,False,expansion,
/es/crear-firma-online,existing-page-expanded,feature,Crear firma online,crear firma manuscrita online,medium,transactional,False,expansion,
/es/crear-firma-online,existing-page-expanded,feature,Crear firma online,dibujar firma online,medium,transactional,False,expansion,
/es/crear-firma-online,existing-page-expanded,feature,Crear firma online,firma online para documentos,medium,transactional,False,expansion,
/es/crear-firma-online,existing-page-expanded,feature,Crear firma online,crear firma en png,low,transactional,False,expansion,
/es/firmar-pdf-desde-celular,existing-page-expanded,feature,Firmar PDF desde celular,firmar pdf desde celular,high,transactional,True,existing,
/es/firmar-pdf-desde-celular,existing-page-expanded,feature,Firmar PDF desde celular,firmar pdf en celular,high,transactional,True,existing,
/es/firmar-pdf-desde-celular,existing-page-expanded,feature,Firmar PDF desde celular,firmar documentos desde el celular,medium,transactional,True,existing,
/es/firmar-pdf-desde-celular,existing-page-expanded,feature,Firmar PDF desde celular,firmar pdf iphone,medium,transactional,True,existing,
/es/firmar-pdf-desde-celular,existing-page-expanded,feature,Firmar PDF desde celular,firmar pdf android,medium,transactional,True,existing,
/es/firmar-pdf-desde-celular,existing-page-expanded,feature,Firmar PDF desde celular,firmar pdf en iphone,high,transactional,False,expansion,
/es/firmar-pdf-desde-celular,existing-page-expanded,feature,Firmar PDF desde celular,firmar pdf en android,high,transactional,False,expansion,
/es/firmar-pdf-desde-celular,existing-page-expanded,feature,Firmar PDF desde celular,firmar documento desde celular,high,transactional,False,expansion,
/es/firmar-pdf-desde-celular,existing-page-expanded,feature,Firmar PDF desde celular,firmar documento en iphone,medium,transactional,False,expansion,
/es/firmar-pdf-desde-celular,existing-page-expanded,feature,Firmar PDF desde celular,firmar documento en android,medium,transactional,False,expansion,
/es/firmar-pdf-desde-celular,existing-page-expanded,feature,Firmar PDF desde celular,firmar pdf con el dedo,medium,transactional,False,expansion,
/es/firmar-pdf-desde-celular,existing-page-expanded,feature,Firmar PDF desde celular,firmar pdf por whatsapp,medium,transactional,False,expansion,
/es/firmar-pdf-desde-celular,existing-page-expanded,feature,Firmar PDF desde celular,firmar pdf sin app,high,transactional,False,expansion,
/es/firmar-pdf-desde-celular,existing-page-expanded,feature,Firmar PDF desde celular,firmar pdf desde movil,medium,transactional,False,expansion,
/es/firmar-contrato-alquiler-pdf,existing-page-expanded,usecase,Firmar contrato de alquiler PDF,firmar contrato alquiler pdf,high,transactional,True,existing,
/es/firmar-contrato-alquiler-pdf,existing-page-expanded,usecase,Firmar contrato de alquiler PDF,firmar contrato de arrendamiento online,medium,transactional,True,existing,
/es/firmar-contrato-alquiler-pdf,existing-page-expanded,usecase,Firmar contrato de alquiler PDF,firmar contrato pdf online,medium,transactional,True,existing,
/es/firmar-contrato-alquiler-pdf,existing-page-expanded,usecase,Firmar contrato de alquiler PDF,firmar contrato de alquiler pdf,high,transactional,False,expansion,
/es/firmar-contrato-alquiler-pdf,existing-page-expanded,usecase,Firmar contrato de alquiler PDF,firmar contrato de arriendo pdf,high,transactional,False,expansion,
/es/firmar-contrato-alquiler-pdf,existing-page-expanded,usecase,Firmar contrato de alquiler PDF,firmar contrato arrendamiento pdf,high,transactional,False,expansion,
/es/firmar-contrato-alquiler-pdf,existing-page-expanded,usecase,Firmar contrato de alquiler PDF,firmar contrato alquiler online,medium,transactional,False,expansion,
/es/firmar-contrato-alquiler-pdf,existing-page-expanded,usecase,Firmar contrato de alquiler PDF,firmar contrato de renta pdf,medium,transactional,False,expansion,
/es/firmar-contrato-alquiler-pdf,existing-page-expanded,usecase,Firmar contrato de alquiler PDF,firma digital contrato alquiler,medium,transactional,False,expansion,
/es/firmar-pdf-para-visa,existing-page-expanded,usecase,Firmar PDF para visa,firmar pdf para visa,high,transactional,True,existing,
/es/firmar-pdf-para-visa,existing-page-expanded,usecase,Firmar PDF para visa,firmar documentos para visa,medium,transactional,True,existing,
/es/firmar-pdf-para-visa,existing-page-expanded,usecase,Firmar PDF para visa,firma digital para tramite de visa,medium,transactional,True,existing,
/es/firmar-pdf-para-visa,existing-page-expanded,usecase,Firmar PDF para visa,firmar formulario de visa pdf,medium,transactional,False,expansion,
/es/firmar-pdf-para-visa,existing-page-expanded,usecase,Firmar PDF para visa,firmar carta de invitacion pdf,medium,transactional,False,expansion,
/es/firmar-pdf-para-visa,existing-page-expanded,usecase,Firmar PDF para visa,firmar declaracion jurada pdf,medium,transactional,False,expansion,
/es/firmar-pdf-para-visa,existing-page-expanded,usecase,Firmar PDF para visa,firmar documentos consulado pdf,medium,transactional,False,expansion,
/es/firmar-pdf-para-visa,existing-page-expanded,usecase,Firmar PDF para visa,firmar pdf para tramite migratorio,low,transactional,False,expansion,
/es/alternativa-smallpdf-firmar-pdf,existing-page-expanded,competitor,Alternativa a SmallPDF para firmar PDF,alternativa smallpdf,high,commercial,True,existing,
/es/alternativa-smallpdf-firmar-pdf,existing-page-expanded,competitor,Alternativa a SmallPDF para firmar PDF,alternativa a smallpdf gratis,high,commercial,True,existing,
/es/alternativa-smallpdf-firmar-pdf,existing-page-expanded,competitor,Alternativa a SmallPDF para firmar PDF,smallpdf alternativa sin marca de agua,medium,commercial,True,existing,
/es/alternativa-smallpdf-firmar-pdf,existing-page-expanded,competitor,Alternativa a SmallPDF para firmar PDF,alternativa a smallpdf para firmar pdf,high,commercial,False,expansion,
/es/alternativa-smallpdf-firmar-pdf,existing-page-expanded,competitor,Alternativa a SmallPDF para firmar PDF,smallpdf firmar pdf gratis alternativa,medium,commercial,False,expansion,
/es/alternativa-smallpdf-firmar-pdf,existing-page-expanded,competitor,Alternativa a SmallPDF para firmar PDF,smallpdf sin limite gratis,medium,commercial,False,expansion,
/es/alternativa-smallpdf-firmar-pdf,existing-page-expanded,competitor,Alternativa a SmallPDF para firmar PDF,smallpdf sin registro alternativa,medium,commercial,False,expansion,
/es/alternativa-docusign-gratis,existing-page-expanded,competitor,Alternativa a DocuSign gratis,alternativa docusign gratis,high,commercial,True,existing,
/es/alternativa-docusign-gratis,existing-page-expanded,competitor,Alternativa a DocuSign gratis,alternativa a docusign,high,commercial,True,existing,
/es/alternativa-docusign-gratis,existing-page-expanded,competitor,Alternativa a DocuSign gratis,docusign alternativa gratuita,medium,commercial,True,existing,
/es/alternativa-docusign-gratis,existing-page-expanded,competitor,Alternativa a DocuSign gratis,alternativas a docusign gratis,high,commercial,False,expansion,
/es/alternativa-docusign-gratis,existing-page-expanded,competitor,Alternativa a DocuSign gratis,docusign gratis alternativa,high,commercial,False,expansion,
/es/alternativa-docusign-gratis,existing-page-expanded,competitor,Alternativa a DocuSign gratis,app como docusign gratis,medium,commercial,False,expansion,
/es/alternativa-docusign-gratis,existing-page-expanded,competitor,Alternativa a DocuSign gratis,docusign sin cuenta alternativa,medium,commercial,False,expansion,
/pt/assinar-pdf-online-gratis,existing-page-expanded,core,Assinar PDF online gratis,assinar pdf online gratis,high,transactional,True,existing,
/pt/assinar-pdf-online-gratis,existing-page-expanded,core,Assinar PDF online gratis,assinar pdf online,high,transactional,True,existing,
/pt/assinar-pdf-online-gratis,existing-page-expanded,core,Assinar PDF online gratis,assinar pdf gratis,high,transactional,True,existing,
/pt/assinar-pdf-online-gratis,existing-page-expanded,core,Assinar PDF online gratis,assinatura digital pdf gratis,medium,transactional,True,existing,
/pt/assinar-pdf-online-gratis,existing-page-expanded,core,Assinar PDF online gratis,assinar pdf,high,transactional,False,expansion,
/pt/assinar-pdf-online-gratis,existing-page-expanded,core,Assinar PDF online gratis,assinar pdf grátis,high,transactional,False,expansion,
/pt/assinar-pdf-online-gratis,existing-page-expanded,core,Assinar PDF online gratis,assinar pdf gratuito,high,transactional,False,expansion,
/pt/assinar-pdf-online-gratis,existing-page-expanded,core,Assinar PDF online gratis,assinador de pdf gratuito,high,transactional,False,expansion,
/pt/assinar-pdf-online-gratis,existing-page-expanded,core,Assinar PDF online gratis,assinador de pdf online,high,transactional,False,expansion,
/pt/assinar-pdf-online-gratis,existing-page-expanded,core,Assinar PDF online gratis,assinar documento online grátis,high,transactional,False,expansion,
/pt/assinar-pdf-online-gratis,existing-page-expanded,core,Assinar PDF online gratis,assinar documento pdf online grátis,high,transactional,False,expansion,
/pt/assinar-pdf-online-gratis,existing-page-expanded,core,Assinar PDF online gratis,assinar arquivo pdf online,medium,transactional,False,expansion,
/pt/assinar-pdf-online-gratis,existing-page-expanded,core,Assinar PDF online gratis,assinatura digital pdf grátis,medium,transactional,False,expansion,
/pt/assinar-pdf-online-gratis,existing-page-expanded,core,Assinar PDF online gratis,assinatura eletrônica pdf grátis,medium,transactional,False,expansion,
/pt/assinar-pdf-online-gratis,existing-page-expanded,core,Assinar PDF online gratis,assinar pdf com segurança,medium,transactional,False,expansion,
/pt/assinar-pdf-online-gratis,existing-page-expanded,core,Assinar PDF online gratis,assinar pdf sem enviar para servidor,medium,transactional,False,expansion,
/pt/assinar-pdf-sem-cadastro,existing-page-expanded,core,Assinar PDF sem cadastro,assinar pdf sem cadastro,high,transactional,True,existing,
/pt/assinar-pdf-sem-cadastro,existing-page-expanded,core,Assinar PDF sem cadastro,assinar pdf sem criar conta,medium,transactional,True,existing,
/pt/assinar-pdf-sem-cadastro,existing-page-expanded,core,Assinar PDF sem cadastro,assinatura digital sem registro,medium,transactional,True,existing,
/pt/assinar-pdf-sem-cadastro,existing-page-expanded,core,Assinar PDF sem cadastro,assinar pdf sem conta,high,transactional,False,expansion,
/pt/assinar-pdf-sem-cadastro,existing-page-expanded,core,Assinar PDF sem cadastro,assinar documento sem cadastro,high,transactional,False,expansion,
/pt/assinar-pdf-sem-cadastro,existing-page-expanded,core,Assinar PDF sem cadastro,assinar pdf sem email,medium,transactional,False,expansion,
/pt/assinar-pdf-sem-cadastro,existing-page-expanded,core,Assinar PDF sem cadastro,assinatura digital grátis sem cadastro,medium,transactional,False,expansion,
/pt/assinar-pdf-sem-cadastro,existing-page-expanded,core,Assinar PDF sem cadastro,assinatura eletrônica sem conta,medium,transactional,False,expansion,
/pt/assinar-pdf-sem-cadastro,existing-page-expanded,core,Assinar PDF sem cadastro,assinar online sem se cadastrar,medium,transactional,False,expansion,
/pt/assinar-pdf-sem-marca-dagua,existing-page-expanded,core,Assinar PDF sem marca d'agua,assinar pdf sem marca dagua,high,transactional,True,existing,
/pt/assinar-pdf-sem-marca-dagua,existing-page-expanded,core,Assinar PDF sem marca d'agua,assinar pdf gratis sem marca dagua,high,transactional,True,existing,
/pt/assinar-pdf-sem-marca-dagua,existing-page-expanded,core,Assinar PDF sem marca d'agua,assinar pdf sem marca d água,high,transactional,False,expansion,
/pt/assinar-pdf-sem-marca-dagua,existing-page-expanded,core,Assinar PDF sem marca d'agua,assinar pdf sem marca d’água,high,transactional,False,expansion,
/pt/assinar-pdf-sem-marca-dagua,existing-page-expanded,core,Assinar PDF sem marca d'agua,assinar pdf grátis sem marca d água,high,transactional,False,expansion,
/pt/assinar-pdf-sem-marca-dagua,existing-page-expanded,core,Assinar PDF sem marca d'agua,assinar documento sem marca d água,medium,transactional,False,expansion,
/pt/assinar-pdf-sem-marca-dagua,existing-page-expanded,core,Assinar PDF sem marca d'agua,assinar pdf sem logo,medium,transactional,False,expansion,
/pt/assinar-pdf-sem-marca-dagua,existing-page-expanded,core,Assinar PDF sem marca d'agua,assinar pdf grátis sem limite,medium,transactional,False,expansion,
/pt/adicionar-assinatura-no-pdf,existing-page-expanded,feature,Adicionar assinatura no PDF,adicionar assinatura no pdf,high,informational,True,existing,
/pt/adicionar-assinatura-no-pdf,existing-page-expanded,feature,Adicionar assinatura no PDF,como assinar um pdf,high,informational,True,existing,
/pt/adicionar-assinatura-no-pdf,existing-page-expanded,feature,Adicionar assinatura no PDF,colocar assinatura em pdf,medium,informational,True,existing,
/pt/adicionar-assinatura-no-pdf,existing-page-expanded,feature,Adicionar assinatura no PDF,inserir assinatura em pdf,high,informational,False,expansion,
/pt/adicionar-assinatura-no-pdf,existing-page-expanded,feature,Adicionar assinatura no PDF,adicionar assinatura em pdf,high,informational,False,expansion,
/pt/adicionar-assinatura-no-pdf,existing-page-expanded,feature,Adicionar assinatura no PDF,colocar assinatura no pdf,high,informational,False,expansion,
/pt/adicionar-assinatura-no-pdf,existing-page-expanded,feature,Adicionar assinatura no PDF,como colocar assinatura em pdf,high,informational,False,expansion,
/pt/adicionar-assinatura-no-pdf,existing-page-expanded,feature,Adicionar assinatura no PDF,como adicionar assinatura no pdf,medium,informational,False,expansion,
/pt/adicionar-assinatura-no-pdf,existing-page-expanded,feature,Adicionar assinatura no PDF,adicionar assinatura digital no pdf grátis,medium,informational,False,expansion,
/pt/adicionar-assinatura-no-pdf,existing-page-expanded,feature,Adicionar assinatura no PDF,assinar pdf com imagem da assinatura,medium,informational,False,expansion,
/pt/adicionar-assinatura-no-pdf,existing-page-expanded,feature,Adicionar assinatura no PDF,enviar assinatura para pdf,medium,informational,False,expansion,
/pt/criar-assinatura-online,existing-page-expanded,feature,Criar assinatura online,criar assinatura online,high,transactional,True,existing,
/pt/criar-assinatura-online,existing-page-expanded,feature,Criar assinatura online,criar assinatura digital gratis,high,transactional,True,existing,
/pt/criar-assinatura-online,existing-page-expanded,feature,Criar assinatura online,fazer assinatura eletronica,medium,transactional,True,existing,
/pt/criar-assinatura-online,existing-page-expanded,feature,Criar assinatura online,criar assinatura digital online grátis,high,transactional,False,expansion,
/pt/criar-assinatura-online,existing-page-expanded,feature,Criar assinatura online,fazer assinatura digital online grátis,high,transactional,False,expansion,
/pt/criar-assinatura-online,existing-page-expanded,feature,Criar assinatura online,criar assinatura eletrônica online,medium,transactional,False,expansion,
/pt/criar-assinatura-online,existing-page-expanded,feature,Criar assinatura online,gerador de assinatura online,medium,transactional,False,expansion,
/pt/criar-assinatura-online,existing-page-expanded,feature,Criar assinatura online,criar assinatura manuscrita online,medium,transactional,False,expansion,
/pt/criar-assinatura-online,existing-page-expanded,feature,Criar assinatura online,desenhar assinatura online,medium,transactional,False,expansion,
/pt/criar-assinatura-online,existing-page-expanded,feature,Criar assinatura online,assinatura online para documentos,medium,transactional,False,expansion,
/pt/criar-assinatura-online,existing-page-expanded,feature,Criar assinatura online,criar assinatura png,low,transactional,False,expansion,
/pt/assinar-pdf-no-celular,existing-page-expanded,feature,Assinar PDF no celular,assinar pdf no celular,high,transactional,True,existing,
/pt/assinar-pdf-no-celular,existing-page-expanded,feature,Assinar PDF no celular,assinar pdf pelo celular,high,transactional,True,existing,
/pt/assinar-pdf-no-celular,existing-page-expanded,feature,Assinar PDF no celular,assinar documento no celular,medium,transactional,True,existing,
/pt/assinar-pdf-no-celular,existing-page-expanded,feature,Assinar PDF no celular,assinar pdf no iphone,high,transactional,False,expansion,
/pt/assinar-pdf-no-celular,existing-page-expanded,feature,Assinar PDF no celular,assinar pdf no android,high,transactional,False,expansion,
/pt/assinar-pdf-no-celular,existing-page-expanded,feature,Assinar PDF no celular,assinar documento pelo celular,high,transactional,False,expansion,
/pt/assinar-pdf-no-celular,existing-page-expanded,feature,Assinar PDF no celular,assinar documento no iphone,medium,transactional,False,expansion,
/pt/assinar-pdf-no-celular,existing-page-expanded,feature,Assinar PDF no celular,assinar documento no android,medium,transactional,False,expansion,
/pt/assinar-pdf-no-celular,existing-page-expanded,feature,Assinar PDF no celular,assinar pdf com o dedo,medium,transactional,False,expansion,
/pt/assinar-pdf-no-celular,existing-page-expanded,feature,Assinar PDF no celular,assinar pdf pelo whatsapp,medium,transactional,False,expansion,
/pt/assinar-pdf-no-celular,existing-page-expanded,feature,Assinar PDF no celular,assinar pdf sem app,high,transactional,False,expansion,
/pt/assinar-contrato-pdf-online,existing-page-expanded,usecase,Assinar contrato PDF online,assinar contrato pdf online,high,transactional,True,existing,
/pt/assinar-contrato-pdf-online,existing-page-expanded,usecase,Assinar contrato PDF online,assinar contrato de aluguel online,medium,transactional,True,existing,
/pt/assinar-contrato-pdf-online,existing-page-expanded,usecase,Assinar contrato PDF online,assinar contrato digital,medium,transactional,True,existing,
/pt/assinar-contrato-pdf-online,existing-page-expanded,usecase,Assinar contrato PDF online,assinar contrato de aluguel pdf,high,transactional,False,expansion,
/pt/assinar-contrato-pdf-online,existing-page-expanded,usecase,Assinar contrato PDF online,assinar contrato pdf grátis,high,transactional,False,expansion,
/pt/assinar-contrato-pdf-online,existing-page-expanded,usecase,Assinar contrato PDF online,assinar contrato online grátis,medium,transactional,False,expansion,
/pt/assinar-contrato-pdf-online,existing-page-expanded,usecase,Assinar contrato PDF online,assinatura digital contrato aluguel,medium,transactional,False,expansion,
/pt/assinar-contrato-pdf-online,existing-page-expanded,usecase,Assinar contrato PDF online,assinar contrato de prestação de serviços pdf,medium,transactional,False,expansion,
/pt/assinar-pdf-para-visto,existing-page-expanded,usecase,Assinar PDF para visto,assinar pdf para visto,high,transactional,True,existing,
/pt/assinar-pdf-para-visto,existing-page-expanded,usecase,Assinar PDF para visto,assinar documentos para visto,medium,transactional,True,existing,
/pt/assinar-pdf-para-visto,existing-page-expanded,usecase,Assinar PDF para visto,assinar formulário de visto pdf,medium,transactional,False,expansion,
/pt/assinar-pdf-para-visto,existing-page-expanded,usecase,Assinar PDF para visto,assinar carta convite pdf,medium,transactional,False,expansion,
/pt/assinar-pdf-para-visto,existing-page-expanded,usecase,Assinar PDF para visto,assinar declaração jurada pdf,medium,transactional,False,expansion,
/pt/assinar-pdf-para-visto,existing-page-expanded,usecase,Assinar PDF para visto,assinar documentos consulado pdf,medium,transactional,False,expansion,
/pt/assinar-pdf-para-visto,existing-page-expanded,usecase,Assinar PDF para visto,assinar pdf para imigração,low,transactional,False,expansion,
/pt/alternativa-smallpdf-assinar-pdf,existing-page-expanded,competitor,Alternativa ao SmallPDF,alternativa ao smallpdf gratis,high,commercial,True,existing,
/pt/alternativa-smallpdf-assinar-pdf,existing-page-expanded,competitor,Alternativa ao SmallPDF,alternativa ao smallpdf para assinar pdf,high,commercial,False,expansion,
/pt/alternativa-smallpdf-assinar-pdf,existing-page-expanded,competitor,Alternativa ao SmallPDF,smallpdf assinar pdf grátis alternativa,medium,commercial,False,expansion,
/pt/alternativa-smallpdf-assinar-pdf,existing-page-expanded,competitor,Alternativa ao SmallPDF,smallpdf sem limite grátis,medium,commercial,False,expansion,
/pt/alternativa-smallpdf-assinar-pdf,existing-page-expanded,competitor,Alternativa ao SmallPDF,smallpdf sem cadastro alternativa,medium,commercial,False,expansion,
/pt/alternativa-docusign-gratis,existing-page-expanded,competitor,Alternativa ao DocuSign gratis,alternativa ao docusign,high,commercial,True,existing,
/pt/alternativa-docusign-gratis,existing-page-expanded,competitor,Alternativa ao DocuSign gratis,alternativas ao docusign grátis,high,commercial,False,expansion,
/pt/alternativa-docusign-gratis,existing-page-expanded,competitor,Alternativa ao DocuSign gratis,docusign grátis alternativa,high,commercial,False,expansion,
/pt/alternativa-docusign-gratis,existing-page-expanded,competitor,Alternativa ao DocuSign gratis,aplicativo como docusign grátis,medium,commercial,False,expansion,
/pt/alternativa-docusign-gratis,existing-page-expanded,competitor,Alternativa ao DocuSign gratis,docusign sem conta alternativa,medium,commercial,False,expansion,
/es/firmar-pdf-sin-imprimir,candidate-new-page,feature,Firmar PDF sin imprimir,firmar pdf sin imprimir,high,transactional,False,expansion,SERP/web evidence shows “sin imprimir” as explicit pain; direct conversion intent.
/es/firmar-pdf-sin-imprimir,candidate-new-page,feature,Firmar PDF sin imprimir,firmar documento sin imprimir,high,transactional,False,expansion,SERP/web evidence shows “sin imprimir” as explicit pain; direct conversion intent.
/es/firmar-pdf-sin-imprimir,candidate-new-page,feature,Firmar PDF sin imprimir,firmar pdf sin imprimir ni escanear,high,transactional,False,expansion,SERP/web evidence shows “sin imprimir” as explicit pain; direct conversion intent.
/es/firmar-pdf-sin-imprimir,candidate-new-page,feature,Firmar PDF sin imprimir,firmar contrato sin imprimir,medium,transactional,False,expansion,SERP/web evidence shows “sin imprimir” as explicit pain; direct conversion intent.
/es/firmar-pdf-sin-imprimir,candidate-new-page,feature,Firmar PDF sin imprimir,como firmar un pdf sin imprimir,high,informational,False,expansion,SERP/web evidence shows “sin imprimir” as explicit pain; direct conversion intent.
/pt/assinar-pdf-sem-imprimir,candidate-new-page,feature,Assinar PDF sem imprimir,assinar pdf sem imprimir,high,transactional,False,expansion,"Same pain in PT-BR: no printer/scanner, mobile signing."
/pt/assinar-pdf-sem-imprimir,candidate-new-page,feature,Assinar PDF sem imprimir,assinar documento sem imprimir,high,transactional,False,expansion,"Same pain in PT-BR: no printer/scanner, mobile signing."
/pt/assinar-pdf-sem-imprimir,candidate-new-page,feature,Assinar PDF sem imprimir,assinar pdf sem imprimir e escanear,high,transactional,False,expansion,"Same pain in PT-BR: no printer/scanner, mobile signing."
/pt/assinar-pdf-sem-imprimir,candidate-new-page,feature,Assinar PDF sem imprimir,assinar contrato sem imprimir,medium,transactional,False,expansion,"Same pain in PT-BR: no printer/scanner, mobile signing."
/pt/assinar-pdf-sem-imprimir,candidate-new-page,feature,Assinar PDF sem imprimir,como assinar pdf sem imprimir,high,informational,False,expansion,"Same pain in PT-BR: no printer/scanner, mobile signing."
/es/firmar-pdf-privado-sin-subir-archivos,candidate-new-page,privacy,Firmar PDF privado sin subir archivos,firmar pdf sin subir archivos,high,transactional,False,expansion,Firmalo has strong differentiator: local browser processing. Useful against cloud competitors and AI snippets.
/es/firmar-pdf-privado-sin-subir-archivos,candidate-new-page,privacy,Firmar PDF privado sin subir archivos,firmar pdf privado,medium,transactional,False,expansion,Firmalo has strong differentiator: local browser processing. Useful against cloud competitors and AI snippets.
/es/firmar-pdf-privado-sin-subir-archivos,candidate-new-page,privacy,Firmar PDF privado sin subir archivos,firmar pdf en el navegador,medium,transactional,False,expansion,Firmalo has strong differentiator: local browser processing. Useful against cloud competitors and AI snippets.
/es/firmar-pdf-privado-sin-subir-archivos,candidate-new-page,privacy,Firmar PDF privado sin subir archivos,firmar pdf localmente,medium,transactional,False,expansion,Firmalo has strong differentiator: local browser processing. Useful against cloud competitors and AI snippets.
/es/firmar-pdf-privado-sin-subir-archivos,candidate-new-page,privacy,Firmar PDF privado sin subir archivos,firmar documento sin subirlo a internet,medium,transactional,False,expansion,Firmalo has strong differentiator: local browser processing. Useful against cloud competitors and AI snippets.
/pt/assinar-pdf-privado-sem-upload,candidate-new-page,privacy,Assinar PDF privado sem upload,assinar pdf sem upload,high,transactional,False,expansion,PT SERP competitors use “sem upload”; make it an owned privacy page.
/pt/assinar-pdf-privado-sem-upload,candidate-new-page,privacy,Assinar PDF privado sem upload,assinar pdf privado,medium,transactional,False,expansion,PT SERP competitors use “sem upload”; make it an owned privacy page.
/pt/assinar-pdf-privado-sem-upload,candidate-new-page,privacy,Assinar PDF privado sem upload,assinar pdf no navegador,medium,transactional,False,expansion,PT SERP competitors use “sem upload”; make it an owned privacy page.
/pt/assinar-pdf-privado-sem-upload,candidate-new-page,privacy,Assinar PDF privado sem upload,assinar pdf localmente,medium,transactional,False,expansion,PT SERP competitors use “sem upload”; make it an owned privacy page.
/pt/assinar-pdf-privado-sem-upload,candidate-new-page,privacy,Assinar PDF privado sem upload,assinar documento sem enviar para internet,medium,transactional,False,expansion,PT SERP competitors use “sem upload”; make it an owned privacy page.
/es/firmar-contrato-trabajo-pdf,candidate-new-page,usecase,Firmar contrato de trabajo PDF,firmar contrato de trabajo pdf,high,transactional,False,expansion,High-intent contract use case; natural sibling of rental page.
/es/firmar-contrato-trabajo-pdf,candidate-new-page,usecase,Firmar contrato de trabajo PDF,firmar contrato laboral pdf,high,transactional,False,expansion,High-intent contract use case; natural sibling of rental page.
/es/firmar-contrato-trabajo-pdf,candidate-new-page,usecase,Firmar contrato de trabajo PDF,firmar contrato de trabajo online,medium,transactional,False,expansion,High-intent contract use case; natural sibling of rental page.
/es/firmar-contrato-trabajo-pdf,candidate-new-page,usecase,Firmar contrato de trabajo PDF,firma digital contrato laboral,medium,transactional,False,expansion,High-intent contract use case; natural sibling of rental page.
/pt/assinar-contrato-trabalho-pdf,candidate-new-page,usecase,Assinar contrato de trabalho PDF,assinar contrato de trabalho pdf,high,transactional,False,expansion,Brazil high-intent employment contract use case.
/pt/assinar-contrato-trabalho-pdf,candidate-new-page,usecase,Assinar contrato de trabalho PDF,assinar contrato trabalhista pdf,medium,transactional,False,expansion,Brazil high-intent employment contract use case.
/pt/assinar-contrato-trabalho-pdf,candidate-new-page,usecase,Assinar contrato de trabalho PDF,assinar contrato de trabalho online,medium,transactional,False,expansion,Brazil high-intent employment contract use case.
/pt/assinar-contrato-trabalho-pdf,candidate-new-page,usecase,Assinar contrato de trabalho PDF,assinatura digital contrato de trabalho,medium,transactional,False,expansion,Brazil high-intent employment contract use case.
/es/firmar-autorizacion-pdf,candidate-new-page,usecase,Firmar autorización PDF,firmar autorización pdf,high,transactional,False,expansion,Everyday doc type; likely low competition and conversion-friendly.
/es/firmar-autorizacion-pdf,candidate-new-page,usecase,Firmar autorización PDF,firmar autorizacion online,medium,transactional,False,expansion,Everyday doc type; likely low competition and conversion-friendly.
/es/firmar-autorizacion-pdf,candidate-new-page,usecase,Firmar autorización PDF,firmar carta de autorización pdf,medium,transactional,False,expansion,Everyday doc type; likely low competition and conversion-friendly.
/es/firmar-autorizacion-pdf,candidate-new-page,usecase,Firmar autorización PDF,firmar consentimiento pdf,medium,transactional,False,expansion,Everyday doc type; likely low competition and conversion-friendly.
/pt/assinar-autorizacao-pdf,candidate-new-page,usecase,Assinar autorização PDF,assinar autorização pdf,high,transactional,False,expansion,Everyday doc type in PT-BR.
/pt/assinar-autorizacao-pdf,candidate-new-page,usecase,Assinar autorização PDF,assinar autorização online,medium,transactional,False,expansion,Everyday doc type in PT-BR.
/pt/assinar-autorizacao-pdf,candidate-new-page,usecase,Assinar autorização PDF,assinar carta de autorização pdf,medium,transactional,False,expansion,Everyday doc type in PT-BR.
/pt/assinar-autorizacao-pdf,candidate-new-page,usecase,Assinar autorização PDF,assinar consentimento pdf,medium,transactional,False,expansion,Everyday doc type in PT-BR.
/es/alternativa-ilovepdf-firmar-pdf,candidate-new-page,competitor,Alternativa a iLovePDF para firmar PDF,alternativa a ilovepdf para firmar pdf,high,commercial,False,expansion,iLovePDF appears in ES SERP; comparison pages have commercial intent.
/es/alternativa-ilovepdf-firmar-pdf,candidate-new-page,competitor,Alternativa a iLovePDF para firmar PDF,alternativa ilovepdf gratis,medium,commercial,False,expansion,iLovePDF appears in ES SERP; comparison pages have commercial intent.
/es/alternativa-ilovepdf-firmar-pdf,candidate-new-page,competitor,Alternativa a iLovePDF para firmar PDF,ilovepdf firmar pdf alternativa,medium,commercial,False,expansion,iLovePDF appears in ES SERP; comparison pages have commercial intent.
/es/alternativa-ilovepdf-firmar-pdf,candidate-new-page,competitor,Alternativa a iLovePDF para firmar PDF,ilovepdf sin registro alternativa,medium,commercial,False,expansion,iLovePDF appears in ES SERP; comparison pages have commercial intent.
/pt/alternativa-ilovepdf-assinar-pdf,candidate-new-page,competitor,Alternativa ao iLovePDF para assinar PDF,alternativa ao ilovepdf para assinar pdf,high,commercial,False,expansion,iLovePDF is dominant in PT PDF tooling; commercial comparison page.
/pt/alternativa-ilovepdf-assinar-pdf,candidate-new-page,competitor,Alternativa ao iLovePDF para assinar PDF,alternativa ilovepdf grátis,medium,commercial,False,expansion,iLovePDF is dominant in PT PDF tooling; commercial comparison page.
/pt/alternativa-ilovepdf-assinar-pdf,candidate-new-page,competitor,Alternativa ao iLovePDF para assinar PDF,ilovepdf assinar pdf alternativa,medium,commercial,False,expansion,iLovePDF is dominant in PT PDF tooling; commercial comparison page.
/pt/alternativa-ilovepdf-assinar-pdf,candidate-new-page,competitor,Alternativa ao iLovePDF para assinar PDF,ilovepdf sem cadastro alternativa,medium,commercial,False,expansion,iLovePDF is dominant in PT PDF tooling; commercial comparison page.
/es/alternativa-adobe-acrobat-firmar-pdf,candidate-new-page,competitor,Alternativa a Adobe Acrobat para firmar PDF,alternativa a adobe acrobat para firmar pdf,high,commercial,False,expansion,Adobe ads/organic occupy SERP; privacy/free contrast is clear.
/es/alternativa-adobe-acrobat-firmar-pdf,candidate-new-page,competitor,Alternativa a Adobe Acrobat para firmar PDF,adobe firmar pdf gratis alternativa,medium,commercial,False,expansion,Adobe ads/organic occupy SERP; privacy/free contrast is clear.
/es/alternativa-adobe-acrobat-firmar-pdf,candidate-new-page,competitor,Alternativa a Adobe Acrobat para firmar PDF,alternativa adobe sign gratis,medium,commercial,False,expansion,Adobe ads/organic occupy SERP; privacy/free contrast is clear.
/es/alternativa-adobe-acrobat-firmar-pdf,candidate-new-page,competitor,Alternativa a Adobe Acrobat para firmar PDF,acrobat sign alternativa gratis,medium,commercial,False,expansion,Adobe ads/organic occupy SERP; privacy/free contrast is clear.
/pt/alternativa-adobe-acrobat-assinar-pdf,candidate-new-page,competitor,Alternativa ao Adobe Acrobat para assinar PDF,alternativa ao adobe acrobat para assinar pdf,high,commercial,False,expansion,Same commercial pattern for PT-BR.
/pt/alternativa-adobe-acrobat-assinar-pdf,candidate-new-page,competitor,Alternativa ao Adobe Acrobat para assinar PDF,adobe assinar pdf grátis alternativa,medium,commercial,False,expansion,Same commercial pattern for PT-BR.
/pt/alternativa-adobe-acrobat-assinar-pdf,candidate-new-page,competitor,Alternativa ao Adobe Acrobat para assinar PDF,alternativa adobe sign grátis,medium,commercial,False,expansion,Same commercial pattern for PT-BR.
/pt/alternativa-adobe-acrobat-assinar-pdf,candidate-new-page,competitor,Alternativa ao Adobe Acrobat para assinar PDF,acrobat sign alternativa grátis,medium,commercial,False,expansion,Same commercial pattern for PT-BR.
/es/alternativa-pdf24-firmar-pdf,candidate-new-page,competitor,Alternativa a PDF24 para firmar PDF,alternativa a pdf24 para firmar pdf,medium,commercial,False,expansion,PDF24 appears in ES SERP; comparison page can target lower-competition branded long-tail.
/es/alternativa-pdf24-firmar-pdf,candidate-new-page,competitor,Alternativa a PDF24 para firmar PDF,pdf24 firmar pdf alternativa,medium,commercial,False,expansion,PDF24 appears in ES SERP; comparison page can target lower-competition branded long-tail.
/es/alternativa-pdf24-firmar-pdf,candidate-new-page,competitor,Alternativa a PDF24 para firmar PDF,pdf24 sin registro alternativa,low,commercial,False,expansion,PDF24 appears in ES SERP; comparison page can target lower-competition branded long-tail.
/pt/alternativa-pdf24-assinar-pdf,candidate-new-page,competitor,Alternativa ao PDF24 para assinar PDF,alternativa ao pdf24 para assinar pdf,medium,commercial,False,expansion,PT-BR lower competition branded long-tail.
/pt/alternativa-pdf24-assinar-pdf,candidate-new-page,competitor,Alternativa ao PDF24 para assinar PDF,pdf24 assinar pdf alternativa,medium,commercial,False,expansion,PT-BR lower competition branded long-tail.
/pt/alternativa-pdf24-assinar-pdf,candidate-new-page,competitor,Alternativa ao PDF24 para assinar PDF,pdf24 sem cadastro alternativa,low,commercial,False,expansion,PT-BR lower competition branded long-tail.
/es/firma-electronica-simple,candidate-new-page,legal-info,Firma electrónica simple: qué es y cuándo sirve,firma electrónica simple,high,informational,False,expansion,AI-answerable informational hub; supports internal links to signing tool/use cases.
/es/firma-electronica-simple,candidate-new-page,legal-info,Firma electrónica simple: qué es y cuándo sirve,que es firma electronica simple,high,informational,False,expansion,AI-answerable informational hub; supports internal links to signing tool/use cases.
/es/firma-electronica-simple,candidate-new-page,legal-info,Firma electrónica simple: qué es y cuándo sirve,firma electrónica simple validez legal,medium,informational,False,expansion,AI-answerable informational hub; supports internal links to signing tool/use cases.
/es/firma-electronica-simple,candidate-new-page,legal-info,Firma electrónica simple: qué es y cuándo sirve,firma digital simple pdf,medium,informational,False,expansion,AI-answerable informational hub; supports internal links to signing tool/use cases.
/pt/assinatura-eletronica-simples,candidate-new-page,legal-info,Assinatura eletrônica simples: o que é e quando serve,assinatura eletrônica simples,high,informational,False,expansion,PT informational hub; supports trust and snippets.
/pt/assinatura-eletronica-simples,candidate-new-page,legal-info,Assinatura eletrônica simples: o que é e quando serve,o que é assinatura eletrônica simples,high,informational,False,expansion,PT informational hub; supports trust and snippets.
/pt/assinatura-eletronica-simples,candidate-new-page,legal-info,Assinatura eletrônica simples: o que é e quando serve,assinatura eletrônica simples validade jurídica,medium,informational,False,expansion,PT informational hub; supports trust and snippets.
/pt/assinatura-eletronica-simples,candidate-new-page,legal-info,Assinatura eletrônica simples: o que é e quando serve,assinatura digital simples pdf,medium,informational,False,expansion,PT informational hub; supports trust and snippets.
